node_name,node_id
DIFFN_DISTR,1
DIFFN_DUMMY_1,2
DIFFN_DUMMY_2,3
DIFFN_DUMMY_3,4
DIFFN_MOT_SEV,5
DIFFN_M_SEV_DIST,6
DIFFN_M_SEV_PROX,7
DIFFN_PATHO,8
DIFFN_SENS_SEV,9
DIFFN_SEV,10
DIFFN_S_SEV_DIST,11
DIFFN_TIME,12
DIFFN_TYPE,13
L_ADM_ALLAMP_WA,14
L_ADM_DENERV,15
L_ADM_DE_REGEN,16
L_ADM_EFFMUS,17
L_ADM_FORCE,18
L_ADM_MALOSS,19
L_ADM_MUDENS,20
L_ADM_MULOSS,21
L_ADM_MUPAMP,22
L_ADM_MUPDUR,23
L_ADM_MUPINSTAB,24
L_ADM_MUPSATEL,25
L_ADM_MUSCLE_VOL,26
L_ADM_MUSIZE,27
L_ADM_MVA_AMP,28
L_ADM_MVA_RECRUIT,29
L_ADM_NEUR_ACT,30
L_ADM_NMT,31
L_ADM_QUAL_MUPAMP,32
L_ADM_QUAL_MUPDUR,33
L_ADM_QUAL_MUPPOLY,34
L_ADM_QUAN_MUPAMP,35
L_ADM_QUAN_MUPDUR,36
L_ADM_QUAN_MUPPOLY,37
L_ADM_REPSTIM_CMAPAMP,38
L_ADM_REPSTIM_DECR,39
L_ADM_REPSTIM_FACILI,40
L_ADM_REPSTIM_POST_DECR,41
L_ADM_SF_DENSITY,42
L_ADM_SF_JITTER,43
L_ADM_SPONT_DENERV_ACT,44
L_ADM_SPONT_HF_DISCH,45
L_ADM_SPONT_INS_ACT,46
L_ADM_SPONT_NEUR_DISCH,47
L_ADM_TA_CONCL,48
L_ADM_VOL_ACT,49
L_APB_ALLAMP_WA,50
L_APB_DENERV,51
L_APB_DE_REGEN,52
L_APB_EFFMUS,53
L_APB_FORCE,54
L_APB_MALOSS,55
L_APB_MUDENS,56
L_APB_MULOSS,57
L_APB_MUPAMP,58
L_APB_MUPDUR,59
L_APB_MUPINSTAB,60
L_APB_MUPSATEL,61
L_APB_MUSCLE_VOL,62
L_APB_MUSIZE,63
L_APB_MVA_AMP,64
L_APB_MVA_RECRUIT,65
L_APB_NEUR_ACT,66
L_APB_NMT,67
L_APB_QUAL_MUPAMP,68
L_APB_QUAL_MUPDUR,69
L_APB_QUAL_MUPPOLY,70
L_APB_QUAN_MUPAMP,71
L_APB_QUAN_MUPDUR,72
L_APB_QUAN_MUPPOLY,73
L_APB_REPSTIM_CMAPAMP,74
L_APB_REPSTIM_DECR,75
L_APB_REPSTIM_FACILI,76
L_APB_REPSTIM_POST_DECR,77
L_APB_SF_DENSITY,78
L_APB_SF_JITTER,79
L_APB_SPONT_DENERV_ACT,80
L_APB_SPONT_HF_DISCH,81
L_APB_SPONT_INS_ACT,82
L_APB_SPONT_NEUR_DISCH,83
L_APB_TA_CONCL,84
L_APB_VOL_ACT,85
L_AXIL_AMP_E,86
L_AXIL_BLOCK_ED,87
L_AXIL_DCV,88
L_AXIL_DEL,89
L_AXIL_DIFSLOW_ED,90
L_AXIL_LAT_ED,91
L_AXIL_RD_ED,92
L_DELT_ALLAMP,93
L_DELT_DENERV,94
L_DELT_DE_REGEN,95
L_DELT_EFFMUS,96
L_DELT_FORCE,97
L_DELT_MALOSS,98
L_DELT_MUDENS,99
L_DELT_MULOSS,100
L_DELT_MUPAMP,101
L_DELT_MUPDUR,102
L_DELT_MUPINSTAB,103
L_DELT_MUPSATEL,104
L_DELT_MUSCLE_VOL,105
L_DELT_MUSIZE,106
L_DELT_MVA_AMP,107
L_DELT_MVA_RECRUIT,108
L_DELT_NEUR_ACT,109
L_DELT_NMT,110
L_DELT_QUAL_MUPAMP,111
L_DELT_QUAL_MUPDUR,112
L_DELT_QUAL_MUPPOLY,113
L_DELT_QUAN_MUPAMP,114
L_DELT_QUAN_MUPDUR,115
L_DELT_QUAN_MUPPOLY,116
L_DELT_REPSTIM_CMAPAMP,117
L_DELT_REPSTIM_DECR,118
L_DELT_REPSTIM_FACILI,119
L_DELT_REPSTIM_POST_DECR,120
L_DELT_SF_DENSITY,121
L_DELT_SF_JITTER,122
L_DELT_SPONT_DENERV_ACT,123
L_DELT_SPONT_HF_DISCH,124
L_DELT_SPONT_INS_ACT,125
L_DELT_SPONT_NEUR_DISCH,126
L_DELT_TA_CONCL,127
L_DELT_VOL_ACT,128
L_DE_REGEN_ADM_NMT,129
L_DE_REGEN_APB_NMT,130
L_DE_REGEN_DELT_NMT,131
L_DIFFN_ADM_DENERV,132
L_DIFFN_ADM_DE_REGEN,133
L_DIFFN_ADM_MALOSS,134
L_DIFFN_ADM_MUDENS,135
L_DIFFN_ADM_MUSIZE,136
L_DIFFN_ADM_NEUR_ACT,137
L_DIFFN_APB_DENERV,138
L_DIFFN_APB_DE_REGEN,139
L_DIFFN_APB_MALOSS,140
L_DIFFN_APB_MUDENS,141
L_DIFFN_APB_MUSIZE,142
L_DIFFN_APB_NEUR_ACT,143
L_DIFFN_AXIL_BLOCK,144
L_DIFFN_AXIL_DIFSLOW,145
L_DIFFN_DELT_DENERV,146
L_DIFFN_DELT_DE_REGEN,147
L_DIFFN_DELT_MALOSS,148
L_DIFFN_DELT_MUDENS,149
L_DIFFN_DELT_MUSIZE,150
L_DIFFN_DELT_NEUR_ACT,151
L_DIFFN_ISCH_BLOCK,152
L_DIFFN_ISCH_DIFSLOW,153
L_DIFFN_ISCH_DISP,154
L_DIFFN_ISCH_SALOSS,155
L_DIFFN_LNLW_ADM_DENERV,156
L_DIFFN_LNLW_ADM_DE_REGEN,157
L_DIFFN_LNLW_ADM_MALOSS,158
L_DIFFN_LNLW_ADM_MUDENS,159
L_DIFFN_LNLW_ADM_MUSIZE,160
L_DIFFN_LNLW_ADM_NEUR_ACT,161
L_DIFFN_LNLW_APB_DENERV,162
L_DIFFN_LNLW_APB_DE_REGEN,163
L_DIFFN_LNLW_APB_MALOSS,164
L_DIFFN_LNLW_APB_MUDENS,165
L_DIFFN_LNLW_APB_MUSIZE,166
L_DIFFN_LNLW_APB_NEUR_ACT,167
L_DIFFN_LNLW_MEDD2_DISP_WD,168
L_DIFFN_LNLW_MEDD2_SALOSS,169
L_DIFFN_LNLW_ULND5_BLOCK_WD,170
L_DIFFN_LNLW_ULND5_DISP_WD,171
L_DIFFN_LNLW_ULND5_SALOSS,172
L_DIFFN_LNLW_ULN_BLOCK_WA,173
L_DIFFN_LNL_ISCH_SALOSS,174
L_DIFFN_MEDD2_BLOCK,175
L_DIFFN_MEDD2_DIFSLOW,176
L_DIFFN_MEDD2_DISP,177
L_DIFFN_MEDD2_SALOSS,178
L_DIFFN_MED_BLOCK,179
L_DIFFN_MED_DIFSLOW,180
L_DIFFN_ULND5_BLOCK,181
L_DIFFN_ULND5_DIFSLOW,182
L_DIFFN_ULND5_DISP,183
L_DIFFN_ULND5_SALOSS,184
L_DIFFN_ULN_BLOCK,185
L_DIFFN_ULN_DIFSLOW,186
L_LNLBE_APB_DENERV,187
L_LNLBE_APB_DE_REGEN,188
L_LNLBE_APB_MALOSS,189
L_LNLBE_APB_MUDENS,190
L_LNLBE_APB_MUSIZE,191
L_LNLBE_APB_NEUR_ACT,192
L_LNLBE_MEDD2_BLOCK_EW,193
L_LNLBE_MEDD2_DIFSLOW_WD,194
L_LNLBE_MEDD2_DISP_EW,195
L_LNLBE_MEDD2_LD_EW,196
L_LNLBE_MEDD2_RD_EW,197
L_LNLBE_MEDD2_SALOSS_EW,198
L_LNLBE_MED_BLOCK,199
L_LNLBE_MED_DIFSLOW,200
L_LNLC8_ADM_DENERV,201
L_LNLC8_ADM_DE_REGEN,202
L_LNLC8_ADM_MALOSS,203
L_LNLC8_ADM_MUDENS,204
L_LNLC8_ADM_MUSIZE,205
L_LNLC8_ADM_NEUR_ACT,206
L_LNLC8_LP_ADM_DENERV,207
L_LNLC8_LP_ADM_DE_REGEN,208
L_LNLC8_LP_ADM_MALOSS,209
L_LNLC8_LP_ADM_MUDENS,210
L_LNLC8_LP_ADM_MUSIZE,211
L_LNLC8_LP_ADM_NEUR_ACT,212
L_LNLC8_LP_E_ADM_DENERV,213
L_LNLC8_LP_E_ADM_DE_REGEN,214
L_LNLC8_LP_E_ADM_MALOSS,215
L_LNLC8_LP_E_ADM_MUDENS,216
L_LNLC8_LP_E_ADM_MUSIZE,217
L_LNLC8_LP_E_ADM_NEUR_ACT,218
L_LNLE_ADM_DENERV,219
L_LNLE_ADM_DE_REGEN,220
L_LNLE_ADM_MALOSS,221
L_LNLE_ADM_MUDENS,222
L_LNLE_ADM_MUSIZE,223
L_LNLE_ADM_NEUR_ACT,224
L_LNLE_DIFFN_ULND5_BLOCK_E,225
L_LNLE_DIFFN_ULND5_DIFSLOW_E,226
L_LNLE_DIFFN_ULND5_DIFSLOW_WD,227
L_LNLE_DIFFN_ULND5_DISP_E,228
L_LNLE_ULND5_BLOCK_E,229
L_LNLE_ULND5_DIFSLOW,230
L_LNLE_ULND5_DISP_E,231
L_LNLE_ULND5_LD_E,232
L_LNLE_ULND5_RD_E,233
L_LNLE_ULND5_SALOSS,234
L_LNLE_ULN_BLOCK,235
L_LNLE_ULN_DIFSLOW,236
L_LNLE_ULN_PATHO,237
L_LNLE_ULN_SEV,238
L_LNLE_ULN_TIME,239
L_LNLLP_ADM_DENERV,240
L_LNLLP_ADM_DE_REGEN,241
L_LNLLP_ADM_MALOSS,242
L_LNLLP_ADM_MUDENS,243
L_LNLLP_ADM_MUSIZE,244
L_LNLLP_ADM_NEUR_ACT,245
L_LNLLP_APB_DENERV,246
L_LNLLP_APB_DE_REGEN,247
L_LNLLP_APB_MALOSS,248
L_LNLLP_APB_MUDENS,249
L_LNLLP_APB_MUSIZE,250
L_LNLLP_APB_NEUR_ACT,251
L_LNLLP_E_ULND5_SALOSS,252
L_LNLLP_ULND5_SALOSS,253
L_LNLPC5_AXIL_DIFSLOW,254
L_LNLPC5_AXIL_PATHO,255
L_LNLPC5_AXIL_SEV,256
L_LNLPC5_AXIL_TIME,257
L_LNLPC5_DELT_DENERV,258
L_LNLPC5_DELT_DE_REGEN,259
L_LNLPC5_DELT_MALOSS,260
L_LNLPC5_DELT_MUDENS,261
L_LNLPC5_DELT_MUSIZE,262
L_LNLPC5_DELT_NEUR_ACT,263
L_LNLPC5_DIFFN_DELT_DENERV,264
L_LNLPC5_DIFFN_DELT_DE_REGEN,265
L_LNLPC5_DIFFN_DELT_MALOSS,266
L_LNLPC5_DIFFN_DELT_MUDENS,267
L_LNLPC5_DIFFN_DELT_MUSIZE,268
L_LNLPC5_DIFFN_DELT_NEUR_ACT,269
L_LNLT1_APB_DENERV,270
L_LNLT1_APB_DE_REGEN,271
L_LNLT1_APB_MALOSS,272
L_LNLT1_APB_MUDENS,273
L_LNLT1_APB_MUSIZE,274
L_LNLT1_APB_NEUR_ACT,275
L_LNLT1_LP_APB_DENERV,276
L_LNLT1_LP_APB_DE_REGEN,277
L_LNLT1_LP_APB_MALOSS,278
L_LNLT1_LP_APB_MUDENS,279
L_LNLT1_LP_APB_MUSIZE,280
L_LNLT1_LP_APB_NEUR_ACT,281
L_LNLT1_LP_BE_APB_DENERV,282
L_LNLT1_LP_BE_APB_DE_REGEN,283
L_LNLT1_LP_BE_APB_MALOSS,284
L_LNLT1_LP_BE_APB_MUDENS,285
L_LNLT1_LP_BE_APB_MUSIZE,286
L_LNLT1_LP_BE_APB_NEUR_ACT,287
L_LNLW_ADM_DENERV,288
L_LNLW_ADM_DE_REGEN,289
L_LNLW_ADM_MALOSS,290
L_LNLW_ADM_MUDENS,291
L_LNLW_ADM_MUSIZE,292
L_LNLW_ADM_NEUR_ACT,293
L_LNLW_APB_DENERV,294
L_LNLW_APB_DE_REGEN,295
L_LNLW_APB_MALOSS,296
L_LNLW_APB_MUDENS,297
L_LNLW_APB_MUSIZE,298
L_LNLW_APB_NEUR_ACT,299
L_LNLW_MEDD2_BLOCK_WD,300
L_LNLW_MEDD2_DISP_WD,301
L_LNLW_MEDD2_LD_WD,302
L_LNLW_MEDD2_RD_WD,303
L_LNLW_MEDD2_SALOSS_WD,304
L_LNLW_MED_BLOCK,305
L_LNLW_MED_PATHO,306
L_LNLW_MED_SEV,307
L_LNLW_MED_TIME,308
L_LNLW_ULND5_BLOCK_WD,309
L_LNLW_ULND5_DISP_WD,310
L_LNLW_ULND5_LD_WD,311
L_LNLW_ULND5_RD_WD,312
L_LNLW_ULND5_SALOSS,313
L_LNLW_ULN_BLOCK,314
L_LNL_DIFFN_ADM_DENERV,315
L_LNL_DIFFN_ADM_DE_REGEN,316
L_LNL_DIFFN_ADM_MALOSS,317
L_LNL_DIFFN_ADM_MUDENS,318
L_LNL_DIFFN_ADM_MUSIZE,319
L_LNL_DIFFN_ADM_NEUR_ACT,320
L_LNL_DIFFN_APB_DENERV,321
L_LNL_DIFFN_APB_DE_REGEN,322
L_LNL_DIFFN_APB_MUDENS,323
L_LNL_DIFFN_APB_MUSIZE,324
L_LNL_DIFFN_ULND5_SALOSS,325
L_LNL_ISCH_PATHO,326
L_LNL_ISCH_SALOSS_CA,327
L_LNL_ISCH_SEV,328
L_MEDD2_ALLAMP_WD,329
L_MEDD2_ALLCV_EW,330
L_MEDD2_ALLCV_WD,331
L_MEDD2_AMPR_EW,332
L_MEDD2_AMP_WD,333
L_MEDD2_BLOCK_EW,334
L_MEDD2_BLOCK_WD,335
L_MEDD2_CV_EW,336
L_MEDD2_CV_WD,337
L_MEDD2_DIFSLOW_EW,338
L_MEDD2_DIFSLOW_WD,339
L_MEDD2_DISP_EW,340
L_MEDD2_DISP_EWD,341
L_MEDD2_DISP_WD,342
L_MEDD2_DSLOW_EW,343
L_MEDD2_DSLOW_WD,344
L_MEDD2_EFFAXLOSS,345
L_MEDD2_LD_EW,346
L_MEDD2_LD_WD,347
L_MEDD2_LSLOW_EW,348
L_MEDD2_LSLOW_WD,349
L_MEDD2_RD_EW,350
L_MEDD2_RD_WD,351
L_MEDD2_SALOSS,352
L_MED_ALLCV_EW,353
L_MED_ALLDEL_WA,354
L_MED_AMPR_EW,355
L_MED_AMP_WA,356
L_MED_BLOCK_EW,357
L_MED_BLOCK_WA,358
L_MED_CV_EW,359
L_MED_DCV_EW,360
L_MED_DCV_WA,361
L_MED_DIFSLOW_EW,362
L_MED_DIFSLOW_WA,363
L_MED_LAT_WA,364
L_MED_LD_EW,365
L_MED_LD_WA,366
L_MED_RDLDCV_EW,367
L_MED_RDLDDEL,368
L_MED_RD_EW,369
L_MED_RD_WA,370
L_MUSCLE_ADM_DENERV,371
L_MUSCLE_ADM_DE_REGEN,372
L_MUSCLE_ADM_MUDENS,373
L_MUSCLE_ADM_MUSIZE,374
L_MUSCLE_APB_DENERV,375
L_MUSCLE_APB_MUDENS,376
L_MUSCLE_DELT_DENERV,377
L_MUSCLE_DELT_DE_REGEN,378
L_MUSCLE_DELT_MUDENS,379
L_MUSCLE_DELT_MUSIZE,380
L_MYAS_ADM_MUDENS,381
L_MYAS_ADM_NMT,382
L_MYAS_APB_MUDENS,383
L_MYAS_APB_NMT,384
L_MYAS_DELT_MUDENS,385
L_MYAS_DELT_NMT,386
L_MYAS_DE_REGEN_ADM_NMT,387
L_MYAS_DE_REGEN_DELT_NMT,388
L_MYAS_OTHER_ADM_MUDENS,389
L_MYAS_OTHER_DELT_MUDENS,390
L_MYDY_ADM_DENERV,391
L_MYDY_ADM_DE_REGEN,392
L_MYDY_ADM_MUDENS,393
L_MYDY_ADM_MUSIZE,394
L_MYDY_APB_DENERV,395
L_MYDY_APB_DE_REGEN,396
L_MYDY_APB_MUDENS,397
L_MYDY_APB_MUSIZE,398
L_MYDY_DELT_DENERV,399
L_MYDY_DELT_DE_REGEN,400
L_MYDY_DELT_MUDENS,401
L_MYDY_DELT_MUSIZE,402
L_MYOP_ADM_DENERV,403
L_MYOP_ADM_DE_REGEN,404
L_MYOP_ADM_MUDENS,405
L_MYOP_ADM_MUSIZE,406
L_MYOP_APB_DENERV,407
L_MYOP_APB_DE_REGEN,408
L_MYOP_APB_MUDENS,409
L_MYOP_APB_MUSIZE,410
L_MYOP_DELT_DENERV,411
L_MYOP_DELT_DE_REGEN,412
L_MYOP_DELT_MUDENS,413
L_MYOP_DELT_MUSIZE,414
L_MYOP_MYDY_ADM_DENERV,415
L_MYOP_MYDY_ADM_DE_REGEN,416
L_MYOP_MYDY_ADM_MUDENS,417
L_MYOP_MYDY_ADM_MUSIZE,418
L_MYOP_MYDY_APB_DENERV,419
L_MYOP_MYDY_APB_DE_REGEN,420
L_MYOP_MYDY_APB_MUDENS,421
L_MYOP_MYDY_APB_MUSIZE,422
L_MYOP_MYDY_DELT_DENERV,423
L_MYOP_MYDY_DELT_DE_REGEN,424
L_MYOP_MYDY_DELT_MUDENS,425
L_MYOP_MYDY_DELT_MUSIZE,426
L_NMT_ADM_DENERV,427
L_NMT_APB_DENERV,428
L_NMT_DELT_DENERV,429
L_OTHER_ADM_DENERV,430
L_OTHER_ADM_DE_REGEN,431
L_OTHER_ADM_MALOSS,432
L_OTHER_ADM_MUDENS,433
L_OTHER_ADM_MUSIZE,434
L_OTHER_ADM_NEUR_ACT,435
L_OTHER_ADM_NMT,436
L_OTHER_AXIL_BLOCK,437
L_OTHER_DELT_DENERV,438
L_OTHER_DELT_DE_REGEN,439
L_OTHER_DELT_MALOSS,440
L_OTHER_DELT_MUDENS,441
L_OTHER_DELT_MUSIZE,442
L_OTHER_DELT_NEUR_ACT,443
L_OTHER_DELT_NMT,444
L_OTHER_ISCH_BLOCK,445
L_OTHER_ISCH_DIFSLOW,446
L_OTHER_ISCH_DISP,447
L_OTHER_ISCH_SALOSS,448
L_OTHER_NMT_ADM_DENERV,449
L_OTHER_NMT_DELT_DENERV,450
L_OTHER_ULND5_BLOCK,451
L_OTHER_ULND5_DIFSLOW,452
L_OTHER_ULND5_DISP,453
L_OTHER_ULND5_LD,454
L_OTHER_ULND5_RD,455
L_OTHER_ULND5_SALOSS,456
L_OTHER_ULN_BLOCK_WA,457
L_SUR_ALLAMP_CA,458
L_SUR_ALLCV_CA,459
L_SUR_AMP_CA,460
L_SUR_BLOCK_CA,461
L_SUR_CV_CA,462
L_SUR_DIFSLOW_CA,463
L_SUR_DISP_CA,464
L_SUR_DSLOW_CA,465
L_SUR_EFFAXLOSS,466
L_SUR_LD_CA,467
L_SUR_LSLOW_CA,468
L_SUR_RD_CA,469
L_SUR_SALOSS,470
L_ULND5_ALLAMP_WD,471
L_ULND5_ALLCV_E,472
L_ULND5_ALLCV_EW,473
L_ULND5_ALLCV_WD,474
L_ULND5_AMPR_E,475
L_ULND5_AMPR_EW,476
L_ULND5_AMP_WD,477
L_ULND5_BLOCK_E,478
L_ULND5_BLOCK_EW,479
L_ULND5_BLOCK_WD,480
L_ULND5_CV_E,481
L_ULND5_CV_EW,482
L_ULND5_CV_WD,483
L_ULND5_DIFSLOW_E,484
L_ULND5_DIFSLOW_EW,485
L_ULND5_DIFSLOW_WD,486
L_ULND5_DISP_BED,487
L_ULND5_DISP_BEW,488
L_ULND5_DISP_E,489
L_ULND5_DISP_EED,490
L_ULND5_DISP_EWD,491
L_ULND5_DISP_WD,492
L_ULND5_DSLOW_E,493
L_ULND5_DSLOW_EW,494
L_ULND5_DSLOW_WD,495
L_ULND5_EFFAXLOSS,496
L_ULND5_LD_E,497
L_ULND5_LD_WD,498
L_ULND5_LSLOW_E,499
L_ULND5_LSLOW_WD,500
L_ULND5_RD_E,501
L_ULND5_RD_WD,502
L_ULND5_SALOSS,503
L_ULN_ALLCV_E,504
L_ULN_ALLCV_EW,505
L_ULN_ALLDEL_WA,506
L_ULN_AMPR_E,507
L_ULN_AMPR_EW,508
L_ULN_AMP_WA,509
L_ULN_BLOCK_E,510
L_ULN_BLOCK_EW,511
L_ULN_BLOCK_WA,512
L_ULN_CV_E,513
L_ULN_CV_EW,514
L_ULN_DCV_E,515
L_ULN_DCV_EW,516
L_ULN_DCV_WA,517
L_ULN_DIFSLOW_E,518
L_ULN_DIFSLOW_EW,519
L_ULN_DIFSLOW_WA,520
L_ULN_LAT_WA,521
L_ULN_LD_EW,522
L_ULN_LD_WA,523
L_ULN_RDLDCV_E,524
L_ULN_RDLDDEL,525
L_ULN_RD_EW,526
L_ULN_RD_WA,527
R_ADM_ALLAMP_WA,528
R_ADM_DENERV,529
R_ADM_DE_REGEN,530
R_ADM_EFFMUS,531
R_ADM_FORCE,532
R_ADM_MALOSS,533
R_ADM_MUDENS,534
R_ADM_MULOSS,535
R_ADM_MUPAMP,536
R_ADM_MUPDUR,537
R_ADM_MUPINSTAB,538
R_ADM_MUPSATEL,539
R_ADM_MUSCLE_VOL,540
R_ADM_MUSIZE,541
R_ADM_MVA_AMP,542
R_ADM_MVA_RECRUIT,543
R_ADM_NEUR_ACT,544
R_ADM_NMT,545
R_ADM_QUAL_MUPAMP,546
R_ADM_QUAL_MUPDUR,547
R_ADM_QUAL_MUPPOLY,548
R_ADM_QUAN_MUPAMP,549
R_ADM_QUAN_MUPDUR,550
R_ADM_QUAN_MUPPOLY,551
R_ADM_REPSTIM_CMAPAMP,552
R_ADM_REPSTIM_DECR,553
R_ADM_REPSTIM_FACILI,554
R_ADM_REPSTIM_POST_DECR,555
R_ADM_SF_DENSITY,556
R_ADM_SF_JITTER,557
R_ADM_SPONT_DENERV_ACT,558
R_ADM_SPONT_HF_DISCH,559
R_ADM_SPONT_INS_ACT,560
R_ADM_SPONT_NEUR_DISCH,561
R_ADM_TA_CONCL,562
R_ADM_VOL_ACT,563
R_APB_ALLAMP_WA,564
R_APB_DENERV,565
R_APB_DE_REGEN,566
R_APB_EFFMUS,567
R_APB_FORCE,568
R_APB_MALOSS,569
R_APB_MUDENS,570
R_APB_MULOSS,571
R_APB_MUPAMP,572
R_APB_MUPDUR,573
R_APB_MUPINSTAB,574
R_APB_MUPSATEL,575
R_APB_MUSCLE_VOL,576
R_APB_MUSIZE,577
R_APB_MVA_AMP,578
R_APB_MVA_RECRUIT,579
R_APB_NEUR_ACT,580
R_APB_NMT,581
R_APB_QUAL_MUPAMP,582
R_APB_QUAL_MUPDUR,583
R_APB_QUAL_MUPPOLY,584
R_APB_QUAN_MUPAMP,585
R_APB_QUAN_MUPDUR,586
R_APB_QUAN_MUPPOLY,587
R_APB_REPSTIM_CMAPAMP,588
R_APB_REPSTIM_DECR,589
R_APB_REPSTIM_FACILI,590
R_APB_REPSTIM_POST_DECR,591
R_APB_SF_DENSITY,592
R_APB_SF_JITTER,593
R_APB_SPONT_DENERV_ACT,594
R_APB_SPONT_HF_DISCH,595
R_APB_SPONT_INS_ACT,596
R_APB_SPONT_NEUR_DISCH,597
R_APB_TA_CONCL,598
R_APB_VOL_ACT,599
R_AXIL_AMP_E,600
R_AXIL_BLOCK_ED,601
R_AXIL_DCV,602
R_AXIL_DEL,603
R_AXIL_DIFSLOW_ED,604
R_AXIL_LAT_ED,605
R_AXIL_RD_ED,606
R_DELT_ALLAMP,607
R_DELT_DENERV,608
R_DELT_DE_REGEN,609
R_DELT_EFFMUS,610
R_DELT_FORCE,611
R_DELT_MALOSS,612
R_DELT_MUDENS,613
R_DELT_MULOSS,614
R_DELT_MUPAMP,615
R_DELT_MUPDUR,616
R_DELT_MUPINSTAB,617
R_DELT_MUPSATEL,618
R_DELT_MUSCLE_VOL,619
R_DELT_MUSIZE,620
R_DELT_MVA_AMP,621
R_DELT_MVA_RECRUIT,622
R_DELT_NEUR_ACT,623
R_DELT_NMT,624
R_DELT_QUAL_MUPAMP,625
R_DELT_QUAL_MUPDUR,626
R_DELT_QUAL_MUPPOLY,627
R_DELT_QUAN_MUPAMP,628
R_DELT_QUAN_MUPDUR,629
R_DELT_QUAN_MUPPOLY,630
R_DELT_REPSTIM_CMAPAMP,631
R_DELT_REPSTIM_DECR,632
R_DELT_REPSTIM_FACILI,633
R_DELT_REPSTIM_POST_DECR,634
R_DELT_SF_DENSITY,635
R_DELT_SF_JITTER,636
R_DELT_SPONT_DENERV_ACT,637
R_DELT_SPONT_HF_DISCH,638
R_DELT_SPONT_INS_ACT,639
R_DELT_SPONT_NEUR_DISCH,640
R_DELT_TA_CONCL,641
R_DELT_VOL_ACT,642
R_DE_REGEN_ADM_NMT,643
R_DE_REGEN_APB_NMT,644
R_DE_REGEN_DELT_NMT,645
R_DIFFN_ADM_DENERV,646
R_DIFFN_ADM_DE_REGEN,647
R_DIFFN_ADM_MALOSS,648
R_DIFFN_ADM_MUDENS,649
R_DIFFN_ADM_MUSIZE,650
R_DIFFN_ADM_NEUR_ACT,651
R_DIFFN_APB_DENERV,652
R_DIFFN_APB_DE_REGEN,653
R_DIFFN_APB_MALOSS,654
R_DIFFN_APB_MUDENS,655
R_DIFFN_APB_MUSIZE,656
R_DIFFN_APB_NEUR_ACT,657
R_DIFFN_AXIL_BLOCK,658
R_DIFFN_AXIL_DIFSLOW,659
R_DIFFN_DELT_DENERV,660
R_DIFFN_DELT_DE_REGEN,661
R_DIFFN_DELT_MALOSS,662
R_DIFFN_DELT_MUDENS,663
R_DIFFN_DELT_MUSIZE,664
R_DIFFN_DELT_NEUR_ACT,665
R_DIFFN_ISCH_BLOCK,666
R_DIFFN_ISCH_DIFSLOW,667
R_DIFFN_ISCH_DISP,668
R_DIFFN_ISCH_SALOSS,669
R_DIFFN_LNLW_ADM_DENERV,670
R_DIFFN_LNLW_ADM_DE_REGEN,671
R_DIFFN_LNLW_ADM_MALOSS,672
R_DIFFN_LNLW_ADM_MUDENS,673
R_DIFFN_LNLW_ADM_MUSIZE,674
R_DIFFN_LNLW_ADM_NEUR_ACT,675
R_DIFFN_LNLW_APB_DENERV,676
R_DIFFN_LNLW_APB_DE_REGEN,677
R_DIFFN_LNLW_APB_MALOSS,678
R_DIFFN_LNLW_APB_MUDENS,679
R_DIFFN_LNLW_APB_MUSIZE,680
R_DIFFN_LNLW_APB_NEUR_ACT,681
R_DIFFN_LNLW_MEDD2_DISP_WD,682
R_DIFFN_LNLW_MEDD2_SALOSS,683
R_DIFFN_LNLW_ULND5_BLOCK_WD,684
R_DIFFN_LNLW_ULND5_DISP_WD,685
R_DIFFN_LNLW_ULND5_SALOSS,686
R_DIFFN_LNLW_ULN_BLOCK_WA,687
R_DIFFN_LNL_ISCH_SALOSS,688
R_DIFFN_MEDD2_BLOCK,689
R_DIFFN_MEDD2_DIFSLOW,690
R_DIFFN_MEDD2_DISP,691
R_DIFFN_MEDD2_SALOSS,692
R_DIFFN_MED_BLOCK,693
R_DIFFN_MED_DIFSLOW,694
R_DIFFN_ULND5_BLOCK,695
R_DIFFN_ULND5_DIFSLOW,696
R_DIFFN_ULND5_DISP,697
R_DIFFN_ULND5_SALOSS,698
R_DIFFN_ULN_BLOCK,699
R_DIFFN_ULN_DIFSLOW,700
R_LNLBE_APB_DENERV,701
R_LNLBE_APB_DE_REGEN,702
R_LNLBE_APB_MALOSS,703
R_LNLBE_APB_MUDENS,704
R_LNLBE_APB_MUSIZE,705
R_LNLBE_APB_NEUR_ACT,706
R_LNLBE_MEDD2_BLOCK_EW,707
R_LNLBE_MEDD2_DIFSLOW_WD,708
R_LNLBE_MEDD2_DISP_EW,709
R_LNLBE_MEDD2_LD_EW,710
R_LNLBE_MEDD2_RD_EW,711
R_LNLBE_MEDD2_SALOSS_EW,712
R_LNLBE_MED_BLOCK,713
R_LNLBE_MED_DIFSLOW,714
R_LNLC8_ADM_DENERV,715
R_LNLC8_ADM_DE_REGEN,716
R_LNLC8_ADM_MALOSS,717
R_LNLC8_ADM_MUDENS,718
R_LNLC8_ADM_MUSIZE,719
R_LNLC8_ADM_NEUR_ACT,720
R_LNLC8_LP_ADM_DENERV,721
R_LNLC8_LP_ADM_DE_REGEN,722
R_LNLC8_LP_ADM_MALOSS,723
R_LNLC8_LP_ADM_MUDENS,724
R_LNLC8_LP_ADM_MUSIZE,725
R_LNLC8_LP_ADM_NEUR_ACT,726
R_LNLC8_LP_E_ADM_DENERV,727
R_LNLC8_LP_E_ADM_DE_REGEN,728
R_LNLC8_LP_E_ADM_MALOSS,729
R_LNLC8_LP_E_ADM_MUDENS,730
R_LNLC8_LP_E_ADM_MUSIZE,731
R_LNLC8_LP_E_ADM_NEUR_ACT,732
R_LNLE_ADM_DENERV,733
R_LNLE_ADM_DE_REGEN,734
R_LNLE_ADM_MALOSS,735
R_LNLE_ADM_MUDENS,736
R_LNLE_ADM_MUSIZE,737
R_LNLE_ADM_NEUR_ACT,738
R_LNLE_DIFFN_ULND5_BLOCK_E,739
R_LNLE_DIFFN_ULND5_DIFSLOW_E,740
R_LNLE_DIFFN_ULND5_DIFSLOW_WD,741
R_LNLE_DIFFN_ULND5_DISP_E,742
R_LNLE_ULND5_BLOCK_E,743
R_LNLE_ULND5_DIFSLOW,744
R_LNLE_ULND5_DISP_E,745
R_LNLE_ULND5_LD_E,746
R_LNLE_ULND5_RD_E,747
R_LNLE_ULND5_SALOSS,748
R_LNLE_ULN_BLOCK,749
R_LNLE_ULN_DIFSLOW,750
R_LNLE_ULN_PATHO,751
R_LNLE_ULN_SEV,752
R_LNLE_ULN_TIME,753
R_LNLLP_ADM_DENERV,754
R_LNLLP_ADM_DE_REGEN,755
R_LNLLP_ADM_MALOSS,756
R_LNLLP_ADM_MUDENS,757
R_LNLLP_ADM_MUSIZE,758
R_LNLLP_ADM_NEUR_ACT,759
R_LNLLP_APB_DENERV,760
R_LNLLP_APB_DE_REGEN,761
R_LNLLP_APB_MALOSS,762
R_LNLLP_APB_MUDENS,763
R_LNLLP_APB_MUSIZE,764
R_LNLLP_APB_NEUR_ACT,765
R_LNLLP_E_ULND5_SALOSS,766
R_LNLLP_ULND5_SALOSS,767
R_LNLPC5_AXIL_DIFSLOW,768
R_LNLPC5_AXIL_PATHO,769
R_LNLPC5_AXIL_SEV,770
R_LNLPC5_AXIL_TIME,771
R_LNLPC5_DELT_DENERV,772
R_LNLPC5_DELT_DE_REGEN,773
R_LNLPC5_DELT_MALOSS,774
R_LNLPC5_DELT_MUDENS,775
R_LNLPC5_DELT_MUSIZE,776
R_LNLPC5_DELT_NEUR_ACT,777
R_LNLPC5_DIFFN_DELT_DENERV,778
R_LNLPC5_DIFFN_DELT_DE_REGEN,779
R_LNLPC5_DIFFN_DELT_MALOSS,780
R_LNLPC5_DIFFN_DELT_MUDENS,781
R_LNLPC5_DIFFN_DELT_MUSIZE,782
R_LNLPC5_DIFFN_DELT_NEUR_ACT,783
R_LNLT1_APB_DENERV,784
R_LNLT1_APB_DE_REGEN,785
R_LNLT1_APB_MALOSS,786
R_LNLT1_APB_MUDENS,787
R_LNLT1_APB_MUSIZE,788
R_LNLT1_APB_NEUR_ACT,789
R_LNLT1_LP_APB_DENERV,790
R_LNLT1_LP_APB_DE_REGEN,791
R_LNLT1_LP_APB_MALOSS,792
R_LNLT1_LP_APB_MUDENS,793
R_LNLT1_LP_APB_MUSIZE,794
R_LNLT1_LP_APB_NEUR_ACT,795
R_LNLT1_LP_BE_APB_DENERV,796
R_LNLT1_LP_BE_APB_DE_REGEN,797
R_LNLT1_LP_BE_APB_MALOSS,798
R_LNLT1_LP_BE_APB_MUDENS,799
R_LNLT1_LP_BE_APB_MUSIZE,800
R_LNLT1_LP_BE_APB_NEUR_ACT,801
R_LNLW_ADM_DENERV,802
R_LNLW_ADM_DE_REGEN,803
R_LNLW_ADM_MALOSS,804
R_LNLW_ADM_MUDENS,805
R_LNLW_ADM_MUSIZE,806
R_LNLW_ADM_NEUR_ACT,807
R_LNLW_APB_DENERV,808
R_LNLW_APB_DE_REGEN,809
R_LNLW_APB_MALOSS,810
R_LNLW_APB_MUDENS,811
R_LNLW_APB_MUSIZE,812
R_LNLW_APB_NEUR_ACT,813
R_LNLW_MEDD2_BLOCK_WD,814
R_LNLW_MEDD2_DISP_WD,815
R_LNLW_MEDD2_LD_WD,816
R_LNLW_MEDD2_RD_WD,817
R_LNLW_MEDD2_SALOSS_WD,818
R_LNLW_MED_BLOCK,819
R_LNLW_MED_PATHO,820
R_LNLW_MED_SEV,821
R_LNLW_MED_TIME,822
R_LNLW_ULND5_BLOCK_WD,823
R_LNLW_ULND5_DISP_WD,824
R_LNLW_ULND5_LD_WD,825
R_LNLW_ULND5_RD_WD,826
R_LNLW_ULND5_SALOSS,827
R_LNLW_ULN_BLOCK,828
R_LNL_DIFFN_ADM_DENERV,829
R_LNL_DIFFN_ADM_DE_REGEN,830
R_LNL_DIFFN_ADM_MALOSS,831
R_LNL_DIFFN_ADM_MUDENS,832
R_LNL_DIFFN_ADM_MUSIZE,833
R_LNL_DIFFN_ADM_NEUR_ACT,834
R_LNL_DIFFN_APB_DENERV,835
R_LNL_DIFFN_APB_DE_REGEN,836
R_LNL_DIFFN_APB_MUDENS,837
R_LNL_DIFFN_APB_MUSIZE,838
R_LNL_DIFFN_ULND5_SALOSS,839
R_LNL_ISCH_PATHO,840
R_LNL_ISCH_SALOSS_CA,841
R_LNL_ISCH_SEV,842
R_MEDD2_ALLAMP_WD,843
R_MEDD2_ALLCV_EW,844
R_MEDD2_ALLCV_WD,845
R_MEDD2_AMPR_EW,846
R_MEDD2_AMP_WD,847
R_MEDD2_BLOCK_EW,848
R_MEDD2_BLOCK_WD,849
R_MEDD2_CV_EW,850
R_MEDD2_CV_WD,851
R_MEDD2_DIFSLOW_EW,852
R_MEDD2_DIFSLOW_WD,853
R_MEDD2_DISP_EW,854
R_MEDD2_DISP_EWD,855
R_MEDD2_DISP_WD,856
R_MEDD2_DSLOW_EW,857
R_MEDD2_DSLOW_WD,858
R_MEDD2_EFFAXLOSS,859
R_MEDD2_LD_EW,860
R_MEDD2_LD_WD,861
R_MEDD2_LSLOW_EW,862
R_MEDD2_LSLOW_WD,863
R_MEDD2_RD_EW,864
R_MEDD2_RD_WD,865
R_MEDD2_SALOSS,866
R_MED_ALLCV_EW,867
R_MED_ALLDEL_WA,868
R_MED_AMPR_EW,869
R_MED_AMP_WA,870
R_MED_BLOCK_EW,871
R_MED_BLOCK_WA,872
R_MED_CV_EW,873
R_MED_DCV_EW,874
R_MED_DCV_WA,875
R_MED_DIFSLOW_EW,876
R_MED_DIFSLOW_WA,877
R_MED_LAT_WA,878
R_MED_LD_EW,879
R_MED_LD_WA,880
R_MED_RDLDCV_EW,881
R_MED_RDLDDEL,882
R_MED_RD_EW,883
R_MED_RD_WA,884
R_MUSCLE_ADM_DENERV,885
R_MUSCLE_ADM_DE_REGEN,886
R_MUSCLE_ADM_MUDENS,887
R_MUSCLE_ADM_MUSIZE,888
R_MUSCLE_APB_DENERV,889
R_MUSCLE_APB_MUDENS,890
R_MUSCLE_DELT_DENERV,891
R_MUSCLE_DELT_DE_REGEN,892
R_MUSCLE_DELT_MUDENS,893
R_MUSCLE_DELT_MUSIZE,894
R_MYAS_ADM_MUDENS,895
R_MYAS_ADM_NMT,896
R_MYAS_APB_MUDENS,897
R_MYAS_APB_NMT,898
R_MYAS_DELT_MUDENS,899
R_MYAS_DELT_NMT,900
R_MYAS_DE_REGEN_ADM_NMT,901
R_MYAS_DE_REGEN_DELT_NMT,902
R_MYAS_OTHER_ADM_MUDENS,903
R_MYAS_OTHER_DELT_MUDENS,904
R_MYDY_ADM_DENERV,905
R_MYDY_ADM_DE_REGEN,906
R_MYDY_ADM_MUDENS,907
R_MYDY_ADM_MUSIZE,908
R_MYDY_APB_DENERV,909
R_MYDY_APB_DE_REGEN,910
R_MYDY_APB_MUDENS,911
R_MYDY_APB_MUSIZE,912
R_MYDY_DELT_DENERV,913
R_MYDY_DELT_DE_REGEN,914
R_MYDY_DELT_MUDENS,915
R_MYDY_DELT_MUSIZE,916
R_MYOP_ADM_DENERV,917
R_MYOP_ADM_DE_REGEN,918
R_MYOP_ADM_MUDENS,919
R_MYOP_ADM_MUSIZE,920
R_MYOP_APB_DENERV,921
R_MYOP_APB_DE_REGEN,922
R_MYOP_APB_MUDENS,923
R_MYOP_APB_MUSIZE,924
R_MYOP_DELT_DENERV,925
R_MYOP_DELT_DE_REGEN,926
R_MYOP_DELT_MUDENS,927
R_MYOP_DELT_MUSIZE,928
R_MYOP_MYDY_ADM_DENERV,929
R_MYOP_MYDY_ADM_DE_REGEN,930
R_MYOP_MYDY_ADM_MUDENS,931
R_MYOP_MYDY_ADM_MUSIZE,932
R_MYOP_MYDY_APB_DENERV,933
R_MYOP_MYDY_APB_DE_REGEN,934
R_MYOP_MYDY_APB_MUDENS,935
R_MYOP_MYDY_APB_MUSIZE,936
R_MYOP_MYDY_DELT_DENERV,937
R_MYOP_MYDY_DELT_DE_REGEN,938
R_MYOP_MYDY_DELT_MUDENS,939
R_MYOP_MYDY_DELT_MUSIZE,940
R_NMT_ADM_DENERV,941
R_NMT_APB_DENERV,942
R_NMT_DELT_DENERV,943
R_OTHER_ADM_DENERV,944
R_OTHER_ADM_DE_REGEN,945
R_OTHER_ADM_MALOSS,946
R_OTHER_ADM_MUDENS,947
R_OTHER_ADM_MUSIZE,948
R_OTHER_ADM_NEUR_ACT,949
R_OTHER_ADM_NMT,950
R_OTHER_AXIL_BLOCK,951
R_OTHER_DELT_DENERV,952
R_OTHER_DELT_DE_REGEN,953
R_OTHER_DELT_MALOSS,954
R_OTHER_DELT_MUDENS,955
R_OTHER_DELT_MUSIZE,956
R_OTHER_DELT_NEUR_ACT,957
R_OTHER_DELT_NMT,958
R_OTHER_ISCH_BLOCK,959
R_OTHER_ISCH_DIFSLOW,960
R_OTHER_ISCH_DISP,961
R_OTHER_ISCH_SALOSS,962
R_OTHER_NMT_ADM_DENERV,963
R_OTHER_NMT_DELT_DENERV,964
R_OTHER_ULND5_BLOCK,965
R_OTHER_ULND5_DIFSLOW,966
R_OTHER_ULND5_DISP,967
R_OTHER_ULND5_LD,968
R_OTHER_ULND5_RD,969
R_OTHER_ULND5_SALOSS,970
R_OTHER_ULN_BLOCK_WA,971
R_SUR_ALLAMP_CA,972
R_SUR_ALLCV_CA,973
R_SUR_AMP_CA,974
R_SUR_BLOCK_CA,975
R_SUR_CV_CA,976
R_SUR_DIFSLOW_CA,977
R_SUR_DISP_CA,978
R_SUR_DSLOW_CA,979
R_SUR_EFFAXLOSS,980
R_SUR_LD_CA,981
R_SUR_LSLOW_CA,982
R_SUR_RD_CA,983
R_SUR_SALOSS,984
R_ULND5_ALLAMP_WD,985
R_ULND5_ALLCV_E,986
R_ULND5_ALLCV_EW,987
R_ULND5_ALLCV_WD,988
R_ULND5_AMPR_E,989
R_ULND5_AMPR_EW,990
R_ULND5_AMP_WD,991
R_ULND5_BLOCK_E,992
R_ULND5_BLOCK_EW,993
R_ULND5_BLOCK_WD,994
R_ULND5_CV_E,995
R_ULND5_CV_EW,996
R_ULND5_CV_WD,997
R_ULND5_DIFSLOW_E,998
R_ULND5_DIFSLOW_EW,999
R_ULND5_DIFSLOW_WD,1000
R_ULND5_DISP_BED,1001
R_ULND5_DISP_BEW,1002
R_ULND5_DISP_E,1003
R_ULND5_DISP_EED,1004
R_ULND5_DISP_EWD,1005
R_ULND5_DISP_WD,1006
R_ULND5_DSLOW_E,1007
R_ULND5_DSLOW_EW,1008
R_ULND5_DSLOW_WD,1009
R_ULND5_EFFAXLOSS,1010
R_ULND5_LD_E,1011
R_ULND5_LD_WD,1012
R_ULND5_LSLOW_E,1013
R_ULND5_LSLOW_WD,1014
R_ULND5_RD_E,1015
R_ULND5_RD_WD,1016
R_ULND5_SALOSS,1017
R_ULN_ALLCV_E,1018
R_ULN_ALLCV_EW,1019
R_ULN_ALLDEL_WA,1020
R_ULN_AMPR_E,1021
R_ULN_AMPR_EW,1022
R_ULN_AMP_WA,1023
R_ULN_BLOCK_E,1024
R_ULN_BLOCK_EW,1025
R_ULN_BLOCK_WA,1026
R_ULN_CV_E,1027
R_ULN_CV_EW,1028
R_ULN_DCV_E,1029
R_ULN_DCV_EW,1030
R_ULN_DCV_WA,1031
R_ULN_DIFSLOW_E,1032
R_ULN_DIFSLOW_EW,1033
R_ULN_DIFSLOW_WA,1034
R_ULN_LAT_WA,1035
R_ULN_LD_EW,1036
R_ULN_LD_WA,1037
R_ULN_RDLDCV_E,1038
R_ULN_RDLDDEL,1039
R_ULN_RD_EW,1040
R_ULN_RD_WA,1041
